iso,lien,link
IND,http://12mars.rsf.org/2014-fr/2014/03/10/inde-big-brother-en-marche-2/,
CHN,http://12mars.rsf.org/2014-fr/2014/03/10/chine-la-grande-muraille-electronique-a-son-apogee/,http://12mars.rsf.org/2014-en/2014/03/10/china-electronic-great-wall-getting-taller/
TKM,http://12mars.rsf.org/2014-fr/2014/03/10/turkmenistan%c2%ad-trou-noir-de-linfo-turkmentelekom/,http://12mars.rsf.org/2014-en/2014/03/10/turkmenistan-news-black-hole-turkmentelekom/
BLR,http://12mars.rsf.org/2014-fr/2014/03/10/belarus-une-machinerie-liberticide-2/,http://12mars.rsf.org/2014-en/2014/03/10/belarus-apparatus-of-repression/
CUB,http://12mars.rsf.org/2014-fr/2014/03/07/cuba-viva-linternet-pas-libre/,http://12mars.rsf.org/2014-en/2014/03/11/cuba-long-live-freedom-but-not-for-the-internet/
salon,http://12mars.rsf.org/2014-fr/2014/03/07/salons-darmement-les-dealers-de-la-surveillance/,http://12mars.rsf.org/2014-en/2014/03/11/arms-trade-fairs-surveillance-dealerships/
SDN,http://12mars.rsf.org/2014-fr/2014/03/01/soudan-carton-plein-pour-la-censure-2/,http://12mars.rsf.org/2014-en/2014/03/10/29/
ETH,http://12mars.rsf.org/2014-fr/2014/03/01/ethiopie-tous-pouvoirs-en-ligne/,http://12mars.rsf.org/2014-en/2014/03/06/ethiopia-full-online-powers/
IRN,http://12mars.rsf.org/2014-fr/2014/03/11/iran-les-gardiens-de-la-revolution-le-conseil-supreme-du-cyberespace-et-le-groupe-de-travail-de-determination-de-contenus-criminels-2/,http://12mars.rsf.org/2014-en/2014/03/11/iran-the-revolutionary-guards-the-supreme-council-for-cyberspace-and-the-working-group-for-identifying-criminal-content/
PAK,http://12mars.rsf.org/2014-fr/2014/03/10/pakistan-la-censure-instrumentalisee-2/,http://12mars.rsf.org/2014-en/2014/03/10/pakistan-upgraded-censorship/
PRK,http://12mars.rsf.org/2014-fr/2014/03/10/coree-du-nord-internet-parano/,http://12mars.rsf.org/2014-en/2014/03/10/north-korea-the-web-as-a-pawn-in-the-power-game/
SAU,http://12mars.rsf.org/2014-fr/2014/03/10/larabie-saoudite-la-mecque-du-blocage/,http://12mars.rsf.org/2014-en/2014/03/11/saudi-arabia/
SYR,http://12mars.rsf.org/2014-fr/2014/03/10/syrie-la-traque-en-ligne-une-affaire-de-famille-2/,http://12mars.rsf.org/2014-en/2014/03/11/syria-online-tracking-is-a-family-affair/
BHR,http://12mars.rsf.org/2014-fr/2014/03/10/bahrein-pas-de-printemps-pour-internet/,http://12mars.rsf.org/2014-en/2014/03/11/bahrain-no-internet-spring/
RUS,http://12mars.rsf.org/2014-fr/2014/03/11/russie-la-verticale-de-la-repression-2/,http://12mars.rsf.org/2014-en/2014/03/11/russia-repression-from-the-top-down/
VNM,http://12mars.rsf.org/2014-fr/2014/03/10/vietnam-linternationale-des-blogueurs/,http://12mars.rsf.org/2014-en/2014/03/10/vietnam-targeting-bloggers/
USA,http://12mars.rsf.org/2014-fr/2014/03/10/usa-la-nsa-symbole-des-derives-des-services-de-renseignement/,http://12mars.rsf.org/2014-en/2014/03/11/usa-nsa-symbolises-intelligence-services-abuses/
GBR,http://12mars.rsf.org/2014-fr/2014/03/10/le-royaume-uni-champion-du-monde-de-la-surveillance-2/,http://12mars.rsf.org/2014-en/2014/03/10/united-kingdom-world-champion-of-surveillance/
ARE,http://12mars.rsf.org/2014-fr/2014/03/10/emirats-arabes-unis-la-traque-aux-cybercriminels/,http://12mars.rsf.org/2014-en/2014/03/11/united-arab-emirates-tracking-cyber-criminals/
UZB,http://12mars.rsf.org/2014-fr/2014/03/10/ouzbekistan-bienvenue-dans-le-tyrannie/,http://12mars.rsf.org/2014-en/2014/03/10/uzbekistan-welcome-to-digital-tyranny/